{"aaa":{"afo":3.25000133793834},"aab":{"afo":34.81250181002618,"aac":16.15176223086274},"aac":{"aab":16.15176223086274,"aad":0.15629330612985312,"aae":5.468802759195471},"aad":{"aac":0.15629330612985312,"aal":5.753278000000002},"aae":{"aad":5.625068208066548,"aaf":5.777369,"afn":17.505339943788698},"aaf":{"aae":5.777369,"afb":4.218750875558309,"aam":5.843751115045883,"aat":7.15892320628773},"aag":{"afn":4.683224646958654,"afm":0.8388187492670877,"aah":10.937544617055558,"afq":33.305770660563255},"aah":{"aag":10.937544617055558,"abb":13.561688004507552,"aai":1.7812503292319697},"aai":{"aah":1.7812503292319697,"afk":9.402492428507081,"aaj":8.843750117561214},"aaj":{"aak":5.156344647622383,"aai":8.843750117561214,"aao":7.53119553305078},"aak":{"aaj":5.156344647622383,"aap":7.468194381719119},"aal":{"aad":5.753278000000002,"afb":1.406250282902727,"aar":7.120986569656202},"aam":{"aaf":5.843751115045883,"aaw":7.809929999999998,"afl":4.929652566345118},"aan":{"afl":11.476634334605464,"afm":4.882735940236987,"aaq":1.3427413689151013},"aao":{"aaj":7.53119553305078,"aap":5.031346992861951,"abd":5.969521206824295},"aap":{"aao":5.031346992861951,"aak":7.468194381719119,"abe":6.09375},"aaq":{"aan":1.3427413689151013,"aay":4.656756855538413,"aba":6.709412768530865},"aar":{"aal":7.120986569656202,"aas":1.375428421594159,"acl":15.185479154518273},"aas":{"afb":7.1561369999999975,"aar":1.375428421594159,"afc":2.307237690517602},"aat":{"aaf":7.15892320628773,"aau":0.6560660000000009,"aav":2.6679477774358706,"afc":1.9427660076666469},"aau":{"aat":0.6560660000000009,"aav":2.5939381377706368,"abf":5.935411},"aav":{"aau":2.5939381377706368,"aat":2.6679477774358706,"aaw":3.2188885010357224},"aaw":{"aav":3.2188885010357224,"aam":7.809929999999998,"aax":16.343869433607942},"aax":{"aay":1.7810261783601045,"aaw":16.343869433607942,"aba":1.781523943869686,"abk":2.687989},"aay":{"aaq":4.656756855538413,"aax":1.7810261783601045},"aaz":{"aay":0.84375},"aba":{"aaq":6.709412768530865,"aax":1.781523943869686,"abh":5.937120977482605,"abb":9.125},"abb":{"aah":13.561688004507552,"abc":1.8440146589929811,"abi":5.936874246079666,"aba":9.125},"abc":{"abb":1.8440146589929811,"abm":5.188057117251989,"afk":4.189397906882681,"abd":8.812999773688015},"abd":{"abc":8.812999773688015,"aao":5.969521206824295,"abe":5.125856922327817,"abv":8.343488},"abe":{"aap":6.09375,"abd":5.125856922327817,"abz":9.187483146509713},"abf":{"aau":5.935411,"afd":4.185273302209188,"abg":22.25},"abg":{"abf":22.25,"abl":3.311285,"abh":1.6253002799732117,"abo":2.3449150672730132},"abh":{"aba":5.937120977482605,"abg":1.6253002799732117,"abi":9.21875,"abp":2.375528555254388},"abi":{"abh":9.21875,"abb":5.936874246079666,"abj":1.093750038181028,"abr":2.375528555254388},"abj":{"abi":1.093750038181028},"abk":{"abl":0.09375,"aax":2.687989},"abl":{"abk":0.09375,"abg":3.311285},"abm":{"abc":5.188057117251989,"abn":0.5321678542189484},"abn":{"abm":0.5321678542189484,"afi":1.4086163524288655},"abo":{"abg":2.3449150672730132,"acb":3.6873534228957494,"abp":1.59375},"abp":{"abo":1.59375,"abh":2.375528555254388,"abq":2.2189699468591275,"acc":3.687221},"abq":{"abp":2.2189699468591275,"acj":4.593217,"abr":6.937570346494802},"abr":{"abi":2.375528555254388,"abq":6.937570346494802,"abs":2.1883921895512697,"ace":4.155957491132458},"abs":{"abr":2.1883921895512697,"abt":0.22749876436807306,"acf":3.0000757607215514},"abt":{"abs":0.22749876436807306,"afi":1.6557866359857474,"abu":4.218865679903071},"abu":{"abt":4.218865679903071,"add":7.250469345090979,"abv":4.031734203514537},"abv":{"abw":0.7216884206698897,"abd":8.343488,"abu":4.031734203514537},"abw":{"abv":0.7216884206698897,"abx":4.40625,"ade":6.656683414591684},"abx":{"abw":4.40625,"aby":0.2518770876062371},"aby":{"abx":0.2518770876062371,"abz":0.7194286796229352},"abz":{"aby":0.7194286796229352,"abe":9.187483146509713,"adg":6.437701},"aca":{"acb":1.40625,"aco":2.4972935318268057},"acb":{"aca":1.40625,"ach":0.968983042132833,"abo":3.6873534228957494,"acc":1.625},"acc":{"acb":1.625,"abp":3.687221,"aci":0.968983042132833},"acd":{"ace":2.75},"ace":{"acd":2.75,"abr":4.155957491132458,"ack":0.49985999999999997},"acf":{"abs":3.0000757607215514,"acg":1.2152324540909862},"acg":{"acf":1.2152324540909862,"adc":3.094563},"ach":{"acb":0.968983042132833},"aci":{"acu":0.5608540764369997,"acc":0.968983042132833,"afg":0.7253201632120809},"acj":{"afg":1.462487538451183,"abq":4.593217,"ada":2.688426,"ack":6.968820026559805},"ack":{"acj":6.968820026559805,"ace":0.49985999999999997,"adb":2.657368752492774},"acl":{"aar":15.185479154518273,"aeu":28.937497494684987,"acm":5.6250867604477,"afx":34.65668684676279},"acm":{"acl":5.6250867604477,"afd":4.344553588221694,"afe":12.772272158438568,"acn":15.906372722521908},"acn":{"acm":15.906372722521908,"acv":1.601260503139948,"aco":4.969142852423243},"aco":{"acn":4.969142852423243,"aca":2.4972935318268057,"acp":0.3762991663078727},"acp":{"aco":0.3762991663078727,"acq":1.093750045359999,"acy":0.9416366881255211},"acq":{"acp":1.093750045359999},"acr":{"acs":1.0019501610803803},"acs":{"acr":1.0019501610803803,"acz":1.003916,"act":0.19008501404371678},"act":{"acs":0.19008501404371678,"acu":0.9997210000000001},"acu":{"act":0.9997210000000001,"aci":0.5608540764369997},"acv":{"acn":1.601260503139948,"acw":2.1875},"acw":{"acv":2.1875,"acx":0.4073374832605023},"acx":{"acw":0.4073374832605023,"adi":0.8437663456218196},"acy":{"acp":0.9416366881255211},"acz":{"acs":1.003916},"ada":{"acj":2.688426,"ady":1.780437,"adb":6.9375},"adb":{"ada":6.9375,"ack":2.657368752492774,"adc":1.78125,"aec":7.092262847366557},"adc":{"adb":1.78125,"acg":3.094563,"add":4.875100101544685},"add":{"adc":4.875100101544685,"abu":7.250469345090979,"afh":1.2149110493632858,"ade":4.000487970276126},"ade":{"add":4.000487970276126,"abw":6.656683414591684,"adf":1.375},"adf":{"ade":1.375,"aee":7.124514146775203,"adg":3.78125},"adg":{"abz":6.437701,"adf":3.78125,"adh":0.625,"aef":7.093075839475354},"adh":{"adg":0.625,"afs":35.15629413853487},"adi":{"acx":0.8437663456218196,"adj":2.0628700172160626},"adj":{"adi":2.0628700172160626,"adk":0.09865112145333176},"adk":{"adj":0.09865112145333176,"adl":2.3752054648137286},"adl":{"adk":2.3752054648137286,"adm":0.5935839999999999,"adp":0.28125125141232704},"adm":{"adn":0.938597368645896,"ado":1.0937503217924098},"adn":{"adm":0.938597368645896},"ado":{"adm":1.0937503217924098},"adp":{"adl":0.28125125141232704,"adq":1.7497900735862575},"adq":{"adr":0.781874390539171,"adp":1.7497900735862575},"adr":{"ads":0.8122730000000002,"adq":0.781874390539171,"adt":2.15625,"aep":16.594633},"ads":{"adr":0.8122730000000002},"adt":{"adr":2.15625,"aea":3.5311432812228105,"adu":1.874476},"adu":{"adt":1.874476,"adv":0.5,"ady":1.6875},"adv":{"adz":0.5297165817076146,"adu":0.5},"adw":{"adz":1.0628938923316853},"adx":{"adz":0.9088414157134346},"ady":{"adu":1.6875,"ada":1.780437},"adz":{"adw":1.0628938923316853,"adx":0.9088414157134346,"adv":0.5297165817076146},"aea":{"adt":3.5311432812228105,"aeb":0.46875},"aeb":{"aea":0.46875,"aec":8.156788476519175,"aek":10.437276131439706},"aec":{"aeb":8.156788476519175,"adb":7.092262847366557,"ael":10.530859366807107,"aed":6.625311864666372},"aed":{"aec":6.625311864666372,"afh":5.973435155485074,"aeo":10.156447076103976,"aee":5.437500091219861},"aee":{"aed":5.437500091219861,"aef":3.750130064449632,"adf":7.124514146775203},"aef":{"adg":7.093075839475354,"aee":3.750130064449632,"aet":13.093139172486483},"aeg":{"adk":7.126694514736548,"aeh":12.4375},"aeh":{"aeg":12.4375,"aei":4.623811602664623},"aei":{"aeh":4.623811602664623,"aff":3.2461849024779847},"aej":{"aev":14.214126351871368,"afe":2.014812632744296,"aff":3.160152513687274},"aek":{"aeq":2.626490690253632,"aeb":10.437276131439706,"ael":8.0625},"ael":{"aem":1.25,"aec":10.530859366807107,"aer":2.5949837632172197,"aek":8.0625},"aem":{"ael":1.25,"aen":0.3117014591897173},"aen":{"aem":0.3117014591897173,"aeo":5.40625},"aeo":{"aen":5.40625,"aed":10.156447076103976,"aes":2.904530115103645},